First Name,Last Name,Email,Phone,Gender,Date of Birth(MM-DD-YYYY),Age,City,State,Country,Zipcode,Interest
White,Walter,walter.white@gmail.com,4455778801,M,08-23-1980,40,Miami,Florida,USA,33124,Education
Jesse,Pinkman,jessie@yahoo.com,4455778802,M,08-17-1990,30,New York,New York,USA,10001,Sports
Saul,GoodMan,bettercallsaul@gmail.com,4455778803,M,06-25-1986,34,Chicago,Illinois,USA,60601,Law
Harvey,Specter,harvey@hotmail.com,4455778804,M,08-23-1988,32,Los Angeles,California,USA,90001,Law
Rachel,Zane,rachel.zane@outlook.com,4455778805,F,08-23-1992,28,Miami,Florida,USA,33124,Fashion
Micheal,Ross,micheal@gmail.com,4455778806,M,08-23-1992,28,Los Angeles,California,USA,90001,Law
Jessica,Pearson,jessica@yahoo.com,4455778807,F,06-18-1986,34,Miami,Florida,USA,33124,Fashion
Micheal,Scofield,scofield@yahoo.com,4455778808,M,08-23-1990,30,New York,New York,USA,10001,Sports
Sara,Tancredi,tancredi.sara@gmail.com,4455778809,F,08-23-1992,28,Los Angeles,California,USA,90001,HealthCare
Jon,Snow,jon.snow@gmail.com,4455778810,M,11-23-1980,40,Miami,Florida,USA,33124,Education
Aarya,Stark,aarya.start@yahoo.com,4455778811,F,08-23-1990,30,New York,New York,USA,10001,Sports
Tony,Stark,tony@stark.com,4455778812,M,08-23-1980,40,Miami,Florida,USA,33124,Education
Skyler ,White,skyler.white@yahoo.com,4455778813,F,09-23-1980,40,Miami,Florida,USA,33124,Education
Gus,Fring,gus.fring@gmail.com,4455778814,M,08-13-1990,30,New York,New York,USA,10001,Sports
Otis,Milburn,otis.milburn@gmail.com,4455778815,M,08-23-1986,34,Chicago,Illinois,USA,60601,Law
Maeve,Wiley,maeve.wiley@gmail.com,4455778816,F,02-23-1988,32,Los Angeles,California,USA,90001,Law
Watson,Will,watson.will@gmail.com,4455778817,M,08-23-1992,28,Miami,Florida,USA,33124,Fashion
Sherlock,Holmes,sherlock.holmes@gmail.com,4455778818,M,04-23-1992,28,Los Angeles,California,USA,90001,Law
Dominic,Torrento,dominic.torrento@gmail.com,4455778819,M,08-14-1986,34,Miami,Florida,USA,33124,Fashion
Kevin,Brein,kevin.brein@yahoo.com,4455778820,M,11-23-1992,28,Miami,Florida,USA,33124,Fashion
